,940420,40106,40048,40777,40766,40108,40481,40282,40482,40678,40483,40284,140317,140077,140078,140079,140080,140081,140082,840083,140085,140307,140087,140088,140089,140220,40296,40359,40298,40360,140003,40361,40300,140315,40488,40491,40493,40492,40489,40304,40305,40316,40436,40285,40287,140316,140022,140021,140020,140019,140018,140017,140016,140015,140014,140236,140243,140242,140013,140012,140011,140180,140010,140009,140008,140300,40499,40500,40292,40502,140049,240500,140051,140055,140052,840062,140063,140216,140064,140065,140071,140072,140073,140074,140075,40761,40512,40513,40052,40511,140057,140056,40007,40510,40509
940420,0.0,1.6,4.1,6.1,9.3,11.4,13.3,22.1,23.2,25.7,28.7,35.1,39.2,37.8,33.3,32.0,29.7,25.3,23.8,22.9,0.0,0.0,0.0,0.0,0.0,0.0,0.0,0.0,0.0,0.0,0.0,0.0,0.0,0.0,23.8,24.6,25.8,26.2,27.8,29.4,15.7,14.8,16.6,17.5,19.6,21.9,50.1,44.8,40.6,38.0,34.5,32.0,26.3,23.2,22.0,20.4,19.5,19.0,17.6,15.7,21.4,20.7,18.7,16.2,0.0,0.0,0.0,0.0,0.0,0.0,18.4,17.7,17.2,15.8,14.7,0.0,0.0,0.0,0.0,34.5,23.3,26.0,28.6,33.0,34.9,49.4,42.2,39.9,35.1,0.0,16.6,12.7,9.1,2.9,1.8
40106,0.0,0.0,2.5,4.5,7.7,9.8,11.7,20.5,21.6,24.1,27.1,33.5,37.6,37.3,41.0,39.7,37.4,33.0,31.5,30.6,0.0,0.0,0.0,0.0,0.0,0.0,0.0,0.0,0.0,0.0,0.0,0.0,0.0,0.0,22.2,23.0,24.2,24.6,26.2,27.8,14.1,13.2,15.0,15.9,18.0,20.3,48.5,43.3,39.0,36.4,32.9,30.4,24.7,21.6,20.4,18.8,17.9,17.4,16.0,14.1,63.4,62.6,60.6,58.2,0.0,0.0,0.0,0.0,0.0,0.0,16.8,16.1,15.6,14.2,13.1,0.0,0.0,0.0,0.0,32.9,21.7,24.5,27.0,31.4,33.3,47.8,40.6,38.3,33.5,0.0,22.2,54.6,51.1,44.9,43.8
40048,0.0,33.5,0.0,2.0,5.2,7.3,9.2,18.0,19.1,21.6,24.6,31.0,35.1,34.8,38.5,37.2,34.9,30.5,29.0,28.1,0.0,0.0,0.0,0.0,0.0,0.0,0.0,0.0,0.0,0.0,0.0,0.0,0.0,0.0,19.7,20.5,21.7,22.1,23.7,25.3,11.6,10.7,12.5,13.4,15.6,17.8,46.0,40.8,36.5,33.9,30.4,27.9,22.2,19.1,17.9,16.3,15.4,14.9,13.5,11.6,60.9,60.2,58.1,55.7,0.0,0.0,0.0,0.0,0.0,0.0,14.3,13.6,13.1,11.7,10.6,0.0,0.0,0.0,0.0,30.4,19.2,22.0,24.5,28.9,30.8,45.3,38.1,35.8,31.0,0.0,19.7,52.1,48.6,42.4,41.3
40777,0.0,31.5,34.0,0.0,3.2,5.4,7.3,16.0,17.1,19.6,22.6,29.0,33.1,32.9,36.5,35.2,32.9,28.5,27.0,26.1,0.0,0.0,0.0,0.0,0.0,0.0,0.0,0.0,0.0,0.0,0.0,0.0,0.0,0.0,17.7,18.5,19.7,20.1,21.7,23.4,9.6,8.7,10.5,11.4,13.6,15.8,44.0,38.8,34.5,31.9,28.4,26.0,20.2,17.2,15.9,14.3,13.4,12.9,11.6,9.7,58.9,58.2,56.2,53.7,0.0,0.0,0.0,0.0,0.0,0.0,12.3,11.6,11.1,9.7,8.6,0.0,0.0,0.0,0.0,28.4,17.2,20.0,22.5,26.9,28.8,43.3,36.1,33.8,29.1,0.0,17.7,50.1,46.6,40.4,39.3
40766,0.0,28.3,30.8,32.8,0.0,2.2,4.1,12.8,13.9,16.4,19.4,25.8,29.9,29.7,33.3,32.0,29.7,25.3,23.9,22.9,0.0,0.0,0.0,0.0,0.0,0.0,0.0,0.0,0.0,0.0,0.0,0.0,0.0,0.0,14.5,15.3,16.6,17.0,18.5,20.2,6.4,5.5,7.3,8.3,10.4,12.6,40.8,35.6,31.4,28.7,25.2,22.8,17.0,14.0,12.7,11.2,10.2,9.7,8.4,6.5,55.7,55.0,53.0,50.5,0.0,0.0,0.0,0.0,0.0,0.0,9.1,8.4,7.9,6.5,5.4,0.0,0.0,0.0,0.0,25.2,14.0,16.8,19.3,23.7,25.6,40.1,32.9,30.6,25.9,0.0,14.6,46.9,43.4,37.2,36.1
40108,0.0,26.1,28.6,30.6,33.8,0.0,1.9,10.6,11.8,14.2,17.3,23.7,27.8,27.5,31.2,29.9,27.6,23.1,21.7,20.7,0.0,0.0,0.0,0.0,0.0,0.0,0.0,0.0,0.0,0.0,0.0,0.0,0.0,0.0,12.4,13.2,14.4,14.8,16.4,18.0,4.2,3.4,5.2,6.1,8.2,10.5,38.6,33.4,29.2,26.5,23.1,20.6,14.8,11.8,10.5,9.0,8.1,7.5,6.2,4.3,53.5,52.8,50.8,48.3,0.0,0.0,0.0,0.0,0.0,0.0,6.9,6.2,5.7,4.3,3.2,0.0,0.0,0.0,0.0,23.0,11.8,14.6,17.2,21.5,23.4,38.0,30.8,28.4,23.7,0.0,12.4,44.8,41.2,35.0,33.9
40481,0.0,24.2,26.7,28.7,31.9,34.1,0.0,8.7,9.9,12.4,15.4,21.8,25.9,25.6,29.3,28.0,25.7,21.2,19.8,18.8,0.0,0.0,0.0,0.0,0.0,0.0,0.0,0.0,0.0,0.0,0.0,0.0,0.0,0.0,10.5,11.3,12.5,12.9,14.5,16.1,2.3,1.5,3.3,4.2,6.3,8.6,36.7,31.5,27.3,24.6,21.2,18.7,12.9,9.9,8.6,7.1,6.2,5.6,4.3,2.4,51.6,50.9,48.9,46.4,0.0,0.0,0.0,0.0,0.0,0.0,5.0,4.3,3.8,2.4,1.3,0.0,0.0,0.0,0.0,21.2,10.0,12.7,15.3,19.6,21.5,36.0,28.9,26.5,21.8,0.0,10.5,42.9,39.3,33.1,32.0
40282,0.0,0.0,0.0,0.0,0.0,0.0,0.0,0.0,1.1,3.6,6.6,13.0,17.1,0.0,0.0,0.0,0.0,0.0,0.0,0.0,0.0,0.0,0.0,0.0,0.0,0.0,0.0,0.0,0.0,0.0,0.0,0.0,0.0,0.0,0.0,0.0,0.0,0.0,0.0,0.0,0.0,0.0,0.0,0.0,0.0,0.0,0.0,0.0,0.0,0.0,0.0,0.0,0.0,0.0,0.0,0.0,0.0,0.0,0.0,0.0,0.0,0.0,0.0,0.0,0.0,0.0,0.0,0.0,0.0,0.0,0.0,0.0,0.0,0.0,0.0,0.0,0.0,0.0,0.0,12.4,0.0,0.0,0.0,0.0,0.0,27.3,20.1,17.8,13.1,0.0,0.0,0.0,0.0,0.0,0.0
40482,0.0,0.0,0.0,0.0,0.0,0.0,0.0,0.0,0.0,2.5,5.5,11.9,16.0,0.0,0.0,0.0,0.0,0.0,0.0,0.0,0.0,0.0,0.0,0.0,0.0,0.0,0.0,0.0,0.0,0.0,0.0,0.0,0.0,0.0,0.0,0.0,0.0,0.0,0.0,0.0,0.0,0.0,0.0,0.0,0.0,0.0,0.0,0.0,0.0,0.0,0.0,0.0,0.0,0.0,0.0,0.0,0.0,0.0,0.0,0.0,0.0,0.0,0.0,0.0,0.0,0.0,0.0,0.0,0.0,0.0,0.0,0.0,0.0,0.0,0.0,0.0,0.0,0.0,0.0,11.3,0.0,0.0,0.0,0.0,0.0,26.2,19.0,16.7,11.9,0.0,0.0,0.0,0.0,0.0,0.0
40678,0.0,0.0,0.0,0.0,0.0,0.0,0.0,0.0,0.0,0.0,3.0,9.4,13.5,0.0,0.0,0.0,0.0,0.0,0.0,0.0,0.0,0.0,0.0,0.0,0.0,0.0,0.0,0.0,0.0,0.0,0.0,0.0,0.0,0.0,0.0,0.0,0.0,0.0,0.0,0.0,0.0,0.0,0.0,0.0,0.0,0.0,0.0,0.0,0.0,0.0,0.0,0.0,0.0,0.0,0.0,0.0,0.0,0.0,0.0,0.0,0.0,0.0,0.0,0.0,0.0,0.0,0.0,0.0,0.0,0.0,0.0,0.0,0.0,0.0,0.0,0.0,0.0,0.0,0.0,8.8,0.0,0.0,0.0,0.0,0.0,23.7,16.5,14.2,9.4,0.0,0.0,0.0,0.0,0.0,0.0
40483,0.0,0.0,0.0,0.0,0.0,0.0,0.0,0.0,0.0,0.0,0.0,6.4,10.5,0.0,0.0,0.0,0.0,0.0,0.0,0.0,0.0,0.0,0.0,0.0,0.0,0.0,0.0,0.0,0.0,0.0,0.0,0.0,0.0,0.0,0.0,0.0,0.0,0.0,0.0,0.0,0.0,0.0,0.0,0.0,0.0,0.0,0.0,0.0,0.0,0.0,0.0,0.0,0.0,0.0,0.0,0.0,0.0,0.0,0.0,0.0,0.0,0.0,0.0,0.0,0.0,0.0,0.0,0.0,0.0,0.0,0.0,0.0,0.0,0.0,0.0,0.0,0.0,0.0,0.0,5.8,0.0,0.0,0.0,0.0,0.0,20.7,13.5,11.2,6.4,0.0,0.0,0.0,0.0,0.0,0.0
40284,0.0,0.0,0.0,0.0,0.0,0.0,0.0,0.0,0.0,0.0,0.0,0.0,4.1,0.0,0.0,0.0,0.0,0.0,0.0,0.0,0.0,0.0,0.0,0.0,0.0,0.0,0.0,0.0,0.0,0.0,0.0,0.0,0.0,0.0,0.0,0.0,0.0,0.0,0.0,0.0,0.0,0.0,0.0,0.0,0.0,0.0,0.0,0.0,0.0,0.0,0.0,0.0,0.0,0.0,0.0,0.0,0.0,0.0,0.0,0.0,0.0,0.0,0.0,0.0,0.0,0.0,0.0,0.0,0.0,0.0,0.0,0.0,0.0,0.0,0.0,0.0,0.0,0.0,0.0,0.0,0.0,0.0,0.0,0.0,0.0,0.0,0.0,0.0,0.0,0.0,0.0,0.0,0.0,0.0,0.0
140317,0.0,0.0,0.0,0.0,0.0,0.0,0.0,0.0,0.0,0.0,0.0,0.0,0.0,0.0,0.0,0.0,0.0,0.0,0.0,0.0,0.0,0.0,0.0,0.0,0.0,0.0,0.0,0.0,0.0,0.0,0.0,0.0,0.0,0.0,0.0,0.0,0.0,0.0,0.0,0.0,0.0,0.0,0.0,0.0,0.0,0.0,0.0,0.0,0.0,0.0,0.0,0.0,0.0,0.0,0.0,0.0,0.0,0.0,0.0,0.0,0.0,0.0,0.0,0.0,0.0,0.0,0.0,0.0,0.0,0.0,0.0,0.0,0.0,0.0,0.0,0.0,0.0,0.0,0.0,0.0,0.0,0.0,0.0,0.0,0.0,0.0,0.0,0.0,0.0,0.0,0.0,0.0,0.0,0.0,0.0
140077,0.0,0.0,0.0,0.0,0.0,0.0,0.0,0.0,0.0,0.0,0.0,0.0,0.0,0.0,0.0,0.0,0.0,0.0,0.0,0.0,0.0,0.0,0.0,0.0,0.0,0.0,0.0,0.0,0.0,0.0,0.0,0.0,0.0,0.0,0.0,0.0,0.0,0.0,0.0,0.0,0.0,0.0,0.0,0.0,0.0,0.0,0.0,0.0,0.0,0.0,0.0,0.0,0.0,0.0,0.0,0.0,0.0,0.0,0.0,0.0,0.0,0.0,0.0,0.0,0.0,0.0,0.0,0.0,0.0,0.0,0.0,0.0,0.0,0.0,0.0,0.0,0.0,0.0,0.0,0.0,0.0,0.0,0.0,0.0,0.0,0.0,0.0,0.0,0.0,0.0,0.0,0.0,0.0,0.0,0.0
140078,0.0,62.9,65.4,67.4,70.6,72.7,74.6,30.7,31.9,34.4,37.4,43.8,47.9,4.4,0.0,33.0,30.7,26.2,24.8,23.8,0.0,0.0,0.0,0.0,0.0,0.0,0.0,0.0,0.0,0.0,0.0,0.0,0.0,0.0,33.0,33.8,35.0,35.4,37.0,38.6,41.0,40.1,41.9,42.9,45.0,47.2,58.7,53.5,49.3,46.6,43.2,40.7,34.9,31.9,30.6,29.1,28.2,27.7,26.3,24.4,22.3,21.6,19.6,17.2,0.0,0.0,0.0,0.0,0.0,0.0,27.6,26.9,26.4,25.0,23.9,0.0,0.0,0.0,0.0,43.2,48.6,51.4,53.9,58.3,60.2,58.1,50.9,48.5,43.8,0.0,17.5,13.6,10.1,3.9,2.8
140079,0.0,64.2,66.7,68.7,71.9,74.0,76.0,32.1,33.2,35.7,38.7,45.1,49.2,5.7,1.3,0.0,32.0,27.6,26.1,25.2,0.0,0.0,0.0,0.0,0.0,0.0,0.0,0.0,0.0,0.0,0.0,0.0,0.0,0.0,34.3,35.1,36.3,36.7,38.3,40.0,42.3,41.4,43.2,44.2,46.3,48.6,60.0,54.8,50.6,47.9,44.5,42.0,36.2,33.2,32.0,30.4,29.5,29.0,27.6,25.7,23.7,23.0,21.0,18.5,0.0,0.0,0.0,0.0,0.0,0.0,28.9,28.2,27.7,26.3,25.2,0.0,0.0,0.0,0.0,44.5,49.9,52.7,55.2,59.6,61.5,59.4,52.2,49.8,45.1,0.0,18.8,14.9,11.4,5.2,4.1
140080,0.0,66.5,69.0,71.0,74.2,76.3,78.2,34.4,35.5,38.0,41.0,47.4,51.5,8.0,3.6,2.3,0.0,29.8,28.4,27.4,0.0,0.0,0.0,0.0,0.0,0.0,0.0,0.0,0.0,0.0,0.0,0.0,0.0,0.0,36.6,37.4,38.6,39.0,40.6,42.2,44.6,43.7,45.5,46.5,48.6,50.8,62.3,57.1,52.9,50.2,46.8,44.3,38.5,35.5,34.2,32.7,31.8,31.3,29.9,28.0,26.0,25.2,23.2,20.8,0.0,0.0,0.0,0.0,0.0,0.0,31.2,30.5,30.0,28.6,27.5,0.0,0.0,0.0,0.0,46.8,52.2,55.0,57.5,61.9,63.8,61.7,54.5,52.1,47.4,0.0,21.1,17.2,13.7,7.5,6.4
140081,0.0,70.9,73.4,75.4,78.6,80.8,82.7,38.8,39.9,42.4,45.4,51.8,55.9,12.4,8.0,6.7,4.4,0.0,32.8,31.9,0.0,0.0,0.0,0.0,0.0,0.0,0.0,0.0,0.0,0.0,0.0,0.0,0.0,0.0,41.0,41.8,43.1,43.5,45.0,46.7,49.0,48.2,50.0,50.9,53.0,55.3,66.8,61.6,57.3,54.7,51.2,48.7,43.0,39.9,38.7,37.1,36.2,35.7,34.3,32.4,30.4,29.7,27.7,25.2,0.0,0.0,0.0,0.0,0.0,0.0,35.6,34.9,34.4,33.0,31.9,0.0,0.0,0.0,0.0,51.2,56.6,59.4,62.0,66.4,68.2,66.1,58.9,56.6,51.8,0.0,25.6,21.6,18.1,11.9,10.8
140082,0.0,72.4,74.9,76.9,80.0,82.2,84.1,40.2,41.4,43.8,46.8,53.2,57.4,13.9,9.5,8.2,5.9,1.4,0.0,33.3,0.0,0.0,0.0,0.0,0.0,0.0,0.0,0.0,0.0,0.0,0.0,0.0,0.0,0.0,42.5,43.3,44.5,44.9,46.5,48.1,50.5,49.6,51.4,52.3,54.5,56.7,68.2,63.0,58.8,56.1,52.6,50.2,44.4,41.4,40.1,38.6,37.7,37.1,35.8,33.9,31.8,31.1,29.1,26.6,0.0,0.0,0.0,0.0,0.0,0.0,37.1,36.4,35.8,34.5,33.4,0.0,0.0,0.0,0.0,52.6,58.1,60.9,63.4,67.8,69.7,67.5,60.4,58.0,53.3,0.0,27.0,23.1,19.6,13.4,12.2
840083,0.0,73.3,75.8,77.8,81.0,83.2,85.1,41.2,42.3,44.8,47.8,54.2,58.3,14.8,10.4,9.1,6.8,2.4,1.0,0.0,0.0,0.0,0.0,0.0,0.0,0.0,0.0,0.0,0.0,0.0,0.0,0.0,0.0,0.0,43.4,44.2,45.5,45.9,47.4,49.1,51.4,50.6,52.4,53.3,55.4,57.7,69.2,64.0,59.7,57.1,53.6,51.1,45.4,42.3,41.1,39.5,38.6,38.1,36.7,34.8,32.8,32.1,30.1,27.6,0.0,0.0,0.0,0.0,0.0,0.0,38.0,37.3,36.8,35.4,34.3,0.0,0.0,0.0,0.0,53.6,59.0,61.8,64.4,68.8,70.6,68.5,61.3,59.0,54.2,0.0,28.0,24.0,20.5,14.3,13.2
140085,0.0,31.0,33.5,35.5,38.7,40.8,42.7,4.7,5.8,8.3,11.3,17.7,21.8,24.3,19.9,18.6,16.3,11.9,10.4,9.5,0.0,0.0,0.0,0.0,0.0,0.0,0.0,0.0,0.0,0.0,0.0,0.0,0.0,0.0,17.3,2.5,3.1,3.5,5.1,6.8,9.1,8.2,10.0,11.0,13.1,15.4,45.5,40.3,36.0,33.4,29.9,27.5,21.7,18.7,17.4,49.0,48.1,47.6,46.2,44.3,42.3,41.6,39.6,37.1,0.0,0.0,0.0,0.0,0.0,0.0,11.9,11.2,10.6,9.3,8.2,0.0,0.0,0.0,0.0,17.1,16.7,19.5,22.0,26.4,28.3,32.0,24.8,22.5,17.7,0.0,17.3,33.5,30.0,23.8,22.7
140307,0.0,33.6,36.1,38.1,41.3,43.4,45.3,7.2,8.4,10.9,13.9,20.3,24.4,26.9,22.5,21.2,18.9,14.5,13.0,12.1,2.6,0.0,0.0,0.0,0.0,0.0,0.0,0.0,0.0,0.0,0.0,0.0,0.0,0.0,19.9,5.1,5.7,6.1,7.7,9.3,11.7,10.8,12.6,13.6,15.7,17.9,48.1,42.9,38.6,36.0,32.5,30.1,24.3,21.2,20.0,51.6,50.7,50.2,48.8,46.9,44.8,44.1,42.1,39.7,0.0,0.0,0.0,0.0,0.0,0.0,14.4,13.7,13.2,11.8,10.7,0.0,0.0,0.0,0.0,19.7,19.3,22.1,24.6,29.0,30.9,34.6,27.4,25.0,20.3,0.0,19.8,36.1,32.6,26.4,25.3
140087,0.0,36.6,39.1,41.1,44.2,46.4,48.3,10.2,11.4,13.8,16.9,23.3,27.4,29.9,25.5,24.2,21.9,17.5,16.0,15.1,5.6,3.0,0.0,0.0,0.0,0.0,0.0,0.0,0.0,0.0,0.0,0.0,0.0,0.0,22.8,8.1,8.7,9.1,10.7,12.3,14.7,13.8,15.6,16.5,18.7,20.9,51.1,45.9,41.6,39.0,35.5,33.0,27.3,24.2,23.0,54.6,53.7,53.2,51.8,49.9,47.8,47.1,45.1,42.6,0.0,0.0,0.0,0.0,0.0,0.0,17.4,16.7,16.2,14.8,13.7,0.0,0.0,0.0,0.0,22.6,22.3,25.1,27.6,32.0,33.9,37.6,30.4,28.0,23.3,0.0,22.8,39.1,35.6,29.4,28.2
140088,0.0,40.3,42.7,44.7,47.9,50.1,52.0,13.9,15.0,17.5,20.5,26.9,31.0,33.6,29.2,27.8,25.6,21.1,19.7,18.7,9.2,6.6,3.7,0.0,0.0,0.0,0.0,0.0,0.0,0.0,0.0,0.0,0.0,0.0,26.5,11.7,12.4,12.8,14.3,16.0,18.3,17.5,19.3,20.2,22.3,24.6,54.7,49.5,45.3,42.6,39.2,36.7,30.9,27.9,26.6,58.2,57.3,56.8,55.5,53.6,51.5,50.8,48.8,46.3,0.0,0.0,0.0,0.0,0.0,0.0,21.1,20.4,19.9,18.5,17.4,0.0,0.0,0.0,0.0,26.3,26.0,28.7,31.3,35.7,37.5,41.2,34.0,31.7,27.0,0.0,26.5,42.8,39.2,33.0,31.9
140089,0.0,43.2,45.7,47.6,50.8,53.0,54.9,16.8,18.0,20.4,23.4,29.8,33.9,36.5,32.1,30.8,28.5,24.0,22.6,21.6,12.2,9.6,6.6,2.9,0.0,0.0,0.0,0.0,0.0,0.0,0.0,0.0,0.0,0.0,29.4,14.6,15.3,15.7,17.2,18.9,21.3,20.4,22.2,23.1,25.2,27.5,57.6,52.4,48.2,45.5,42.1,39.6,33.8,30.8,29.6,61.2,60.3,59.7,58.4,56.5,54.4,53.7,51.7,49.2,0.0,0.0,0.0,0.0,0.0,0.0,24.0,23.3,22.8,21.4,20.3,0.0,0.0,0.0,0.0,29.2,28.9,31.6,34.2,38.6,40.5,44.1,37.0,34.6,29.9,0.0,29.4,45.7,42.1,35.9,34.8
140220,0.0,47.3,49.8,51.7,54.9,57.1,59.0,20.9,22.0,24.5,27.5,33.9,38.0,40.6,36.2,34.9,32.6,28.1,26.7,25.7,16.2,13.7,10.7,7.0,4.1,0.0,0.0,0.0,0.0,0.0,0.0,0.0,0.0,0.0,33.5,18.7,19.4,19.8,21.3,23.0,25.4,24.5,26.3,27.2,29.4,31.6,61.7,56.5,52.3,49.6,46.2,43.7,37.9,34.9,33.6,65.3,64.4,63.8,62.5,60.6,58.5,57.8,55.8,53.3,0.0,0.0,0.0,0.0,0.0,0.0,28.1,27.4,26.9,25.5,24.4,0.0,0.0,0.0,0.0,5.5,33.0,35.8,38.3,42.7,44.6,19.0,11.8,9.4,4.7,0.0,33.5,49.8,46.2,40.0,38.9
40296,0.0,58.1,60.6,62.5,65.7,67.9,69.8,31.2,32.3,34.8,37.8,44.2,48.3,51.4,47.0,45.7,43.4,38.9,37.5,36.5,0.0,0.0,0.0,0.0,0.0,0.0,0.0,5.2,9.0,11.6,15.1,17.8,23.6,27.1,28.2,29.0,30.2,30.6,32.2,33.8,36.2,35.3,37.1,38.0,40.2,42.4,72.1,66.9,62.7,60.0,56.6,54.1,48.3,45.3,44.0,42.5,41.6,41.1,39.7,37.8,69.3,68.6,66.6,64.1,0.0,0.0,33.2,34.1,35.5,36.7,38.9,38.2,37.7,36.3,35.2,0.0,0.0,0.0,0.0,43.6,43.8,46.6,49.1,53.5,55.4,58.5,51.3,48.9,44.2,0.0,44.3,60.6,57.0,50.8,49.7
40359,0.0,52.9,55.4,57.4,60.6,62.7,64.6,26.0,27.1,29.6,32.6,39.0,43.1,46.2,41.8,40.5,38.2,33.8,32.3,31.4,0.0,0.0,0.0,0.0,0.0,0.0,0.0,0.0,3.8,6.4,9.9,12.6,18.4,21.9,23.0,23.8,25.0,25.4,27.0,28.6,31.0,30.1,31.9,32.8,35.0,37.2,66.9,61.7,57.5,54.8,51.4,48.9,43.1,40.1,38.9,37.3,36.4,35.9,34.5,32.6,64.1,63.4,61.4,59.0,0.0,0.0,28.0,28.9,30.3,31.6,33.7,33.0,32.5,31.1,30.0,0.0,0.0,0.0,0.0,38.4,38.6,41.4,43.9,48.3,50.2,53.3,46.1,43.8,39.0,0.0,39.1,55.4,51.9,45.7,44.6
40298,0.0,49.1,51.6,53.6,56.8,59.0,60.8,22.2,23.3,25.8,28.8,35.2,39.3,42.4,38.0,36.7,34.4,30.0,28.5,27.6,0.0,0.0,0.0,0.0,0.0,0.0,0.0,0.0,0.0,2.6,6.1,8.8,14.6,18.1,19.2,20.0,21.2,21.6,23.2,24.9,27.2,26.3,28.1,29.1,31.2,33.5,63.2,58.0,53.7,51.1,47.6,45.1,39.4,36.3,35.1,33.5,32.6,32.1,30.7,28.8,60.4,59.7,57.7,55.2,0.0,0.0,24.3,25.1,26.5,27.8,30.0,29.2,28.7,27.4,26.2,0.0,0.0,0.0,0.0,34.6,34.8,37.6,40.1,44.5,46.4,49.5,42.3,40.0,35.3,0.0,35.4,51.6,48.1,41.9,40.8
40360,0.0,46.5,49.0,50.9,54.1,56.3,58.2,19.6,20.7,23.2,26.2,32.6,36.7,39.8,35.4,34.1,31.8,27.3,25.9,24.9,0.0,0.0,0.0,0.0,0.0,0.0,0.0,0.0,0.0,0.0,3.5,6.1,12.0,15.5,16.6,17.4,18.6,19.0,20.5,22.2,24.6,23.7,25.5,26.4,28.6,30.8,60.5,55.3,51.1,48.4,45.0,42.5,36.7,33.7,32.4,30.9,30.0,29.4,28.1,26.2,57.7,57.0,55.0,52.5,0.0,0.0,21.6,22.5,23.9,25.1,27.3,26.6,26.1,24.7,23.6,0.0,0.0,0.0,0.0,32.0,32.2,34.9,37.5,41.9,43.8,46.9,39.7,37.3,32.6,0.0,32.7,49.0,45.4,39.2,38.1
140003,0.0,43.0,45.5,47.5,50.7,52.8,54.7,16.1,17.2,19.7,22.7,29.1,33.2,36.3,31.9,30.6,28.3,23.9,22.4,21.5,0.0,0.0,0.0,0.0,0.0,0.0,0.0,0.0,0.0,0.0,0.0,2.7,8.5,12.0,13.1,13.9,15.1,15.5,17.1,18.7,21.1,20.2,22.0,23.0,25.1,27.3,57.0,51.8,47.6,45.0,41.5,39.0,33.2,30.2,29.0,27.4,26.5,26.0,24.6,22.7,54.2,53.5,51.5,49.1,0.0,0.0,18.2,19.0,20.4,21.7,23.8,23.1,22.6,21.2,20.1,0.0,0.0,0.0,0.0,28.5,28.7,31.5,34.0,38.4,40.3,43.4,36.2,33.9,29.1,0.0,29.3,45.5,42.0,35.8,34.7
40361,0.0,40.3,42.8,44.8,48.0,50.2,52.1,13.4,14.5,17.0,20.0,26.4,30.5,33.6,29.2,27.9,25.6,21.2,19.8,18.8,0.0,0.0,0.0,0.0,0.0,0.0,0.0,0.0,0.0,0.0,0.0,0.0,5.8,9.3,10.4,11.2,12.5,12.8,14.4,16.1,18.4,17.6,19.4,20.3,22.4,24.7,54.4,49.2,44.9,42.3,38.8,36.4,30.6,27.6,26.3,24.7,23.8,23.3,22.0,20.1,51.6,50.9,48.9,46.4,0.0,0.0,15.5,16.4,17.7,19.0,21.2,20.5,20.0,18.6,17.5,0.0,0.0,0.0,0.0,25.8,26.0,28.8,31.4,35.7,37.6,40.7,33.5,31.2,26.5,0.0,26.6,42.8,39.3,33.1,32.0
40300,0.0,34.5,37.0,39.0,42.2,44.3,46.2,7.6,8.7,11.2,14.2,20.6,24.7,27.8,23.4,22.1,19.8,15.4,13.9,13.0,0.0,0.0,0.0,0.0,0.0,0.0,0.0,0.0,0.0,0.0,0.0,0.0,0.0,3.5,4.6,5.4,6.6,7.0,8.6,10.2,12.6,11.7,13.5,14.5,16.6,18.8,48.6,43.4,39.1,36.5,33.0,30.5,24.8,21.7,20.5,18.9,18.0,17.5,16.1,14.2,45.8,45.1,43.0,40.6,0.0,0.0,9.7,10.5,11.9,13.2,15.4,14.6,14.1,12.8,11.6,0.0,0.0,0.0,0.0,20.0,20.2,23.0,25.5,29.9,31.8,34.9,27.7,25.4,20.6,0.0,20.8,37.0,33.5,27.3,26.2
140315,0.0,31.0,33.5,35.5,38.7,40.8,42.7,4.1,5.2,7.7,10.7,17.1,21.2,24.3,19.9,18.6,16.3,11.9,10.4,9.5,0.0,0.0,0.0,0.0,0.0,0.0,0.0,0.0,0.0,0.0,0.0,0.0,0.0,0.0,1.1,1.9,3.1,3.5,5.1,6.7,9.1,8.2,10.0,11.0,13.1,15.3,45.1,39.8,35.6,33.0,29.5,27.0,21.3,18.2,17.0,15.4,14.5,14.0,12.6,10.7,42.2,41.5,39.5,37.1,0.0,0.0,6.2,7.0,8.4,9.7,11.8,11.1,10.6,9.2,8.1,0.0,0.0,0.0,0.0,16.5,16.7,19.5,22.0,26.4,28.3,31.4,24.2,21.9,17.1,0.0,17.2,33.5,30.0,23.8,22.7
40488,0.0,29.9,32.4,34.4,37.6,39.7,41.6,3.0,4.1,6.6,9.6,16.0,20.1,23.2,18.8,17.5,15.2,10.8,9.3,8.4,0.0,0.0,0.0,0.0,0.0,0.0,0.0,0.0,0.0,0.0,0.0,0.0,0.0,0.0,0.0,0.8,2.0,2.4,4.0,5.6,8.0,7.1,8.9,9.9,12.0,14.2,44.4,39.2,34.9,32.3,28.8,26.4,20.6,17.6,16.3,47.9,47.0,46.5,45.1,43.2,41.2,40.5,38.4,36.0,0.0,0.0,0.0,0.0,0.0,0.0,10.8,10.0,9.5,8.2,7.0,0.0,0.0,0.0,0.0,15.4,15.6,18.4,20.9,25.3,27.2,30.3,23.1,20.8,16.0,0.0,16.2,32.4,28.9,22.7,21.6
40491,0.0,29.1,31.6,33.6,36.8,38.9,40.8,2.2,3.3,5.8,8.8,15.2,19.3,22.4,18.0,16.7,14.4,10.0,8.5,7.6,0.0,0.0,0.0,0.0,0.0,0.0,0.0,0.0,0.0,0.0,0.0,0.0,0.0,0.0,15.4,0.0,1.2,1.6,3.2,4.8,7.2,6.3,8.1,9.0,11.2,13.4,43.6,38.4,34.1,31.5,28.0,25.6,19.8,16.7,15.5,47.1,46.2,45.7,44.3,42.4,40.3,39.6,37.6,35.2,0.0,0.0,0.0,0.0,0.0,0.0,9.9,9.2,8.7,7.3,6.2,0.0,0.0,0.0,0.0,14.6,14.8,17.6,20.1,24.5,26.4,29.5,22.3,20.0,15.2,0.0,15.4,31.6,28.1,21.9,20.8
40493,0.0,27.9,30.4,32.3,35.5,37.7,39.6,17.1,18.3,20.7,23.8,30.2,34.2,21.2,16.8,15.5,13.2,8.8,7.3,6.4,0.0,0.0,0.0,0.0,0.0,0.0,0.0,0.0,0.0,0.0,0.0,0.0,0.0,0.0,14.1,15.0,0.0,0.4,2.0,3.6,6.0,5.1,6.9,7.8,10.0,12.2,42.4,37.2,32.9,30.2,26.8,24.3,18.5,15.5,14.3,45.9,45.0,44.4,43.1,41.2,39.1,38.4,36.4,33.9,0.0,0.0,0.0,0.0,0.0,0.0,8.7,8.0,7.5,6.1,5.0,0.0,0.0,0.0,0.0,29.5,13.6,16.4,18.9,23.3,25.2,44.4,37.3,34.9,30.2,0.0,14.1,30.4,26.8,20.6,19.5
40492,0.0,27.5,30.0,32.0,35.1,37.3,39.2,16.7,17.9,20.3,23.4,29.8,33.8,20.8,16.4,15.1,12.8,8.4,6.9,5.9,0.0,0.0,0.0,0.0,0.0,0.0,0.0,0.0,0.0,0.0,0.0,0.0,0.0,0.0,13.7,14.6,15.8,0.0,1.6,3.2,5.6,4.7,6.5,7.4,9.6,11.8,42.0,36.8,32.5,29.8,26.4,23.9,18.2,15.1,13.9,45.5,44.6,44.0,42.7,40.8,38.7,38.0,36.0,33.5,0.0,0.0,0.0,0.0,0.0,0.0,8.3,7.6,7.1,5.7,4.6,0.0,0.0,0.0,0.0,29.1,13.2,16.0,18.5,22.9,24.8,44.0,36.9,34.5,29.8,0.0,13.7,30.0,26.4,20.2,19.1
40489,0.0,25.9,28.4,30.4,33.6,35.8,37.6,15.2,16.3,18.8,21.8,28.2,32.3,19.2,14.8,13.5,11.2,6.8,5.3,4.4,0.0,0.0,0.0,0.0,0.0,0.0,0.0,0.0,0.0,0.0,0.0,0.0,0.0,0.0,12.2,13.0,14.2,14.6,0.0,1.7,4.0,3.1,4.9,5.9,8.0,10.3,40.4,35.2,31.0,28.3,24.8,22.4,16.6,13.6,12.3,43.9,43.0,42.5,41.1,39.2,37.2,36.5,34.5,32.0,0.0,0.0,0.0,0.0,0.0,0.0,6.8,6.0,5.6,4.2,3.0,0.0,0.0,0.0,0.0,27.6,11.6,14.4,16.9,21.3,23.2,42.5,35.3,33.0,28.2,0.0,12.2,28.4,24.9,18.7,17.6
40304,0.0,24.3,26.8,28.7,31.9,34.1,36.0,13.5,14.6,17.1,20.1,26.5,30.6,17.6,13.2,11.8,9.6,5.1,3.7,2.7,0.0,0.0,0.0,0.0,0.0,0.0,0.0,0.0,0.0,0.0,0.0,0.0,0.0,0.0,10.5,11.3,12.6,13.0,14.5,0.0,2.4,1.5,3.3,4.2,6.3,8.6,38.7,33.5,29.3,26.6,23.2,20.7,14.9,11.9,10.6,42.2,41.4,40.8,39.5,37.6,35.5,34.8,32.8,30.3,0.0,0.0,0.0,0.0,0.0,0.0,5.1,4.4,3.9,2.5,1.4,0.0,0.0,0.0,0.0,25.9,10.0,12.7,15.3,19.7,21.5,40.8,33.6,31.3,26.6,0.0,10.5,26.8,23.2,17.0,15.9
40305,0.0,21.9,24.4,26.4,29.6,31.7,33.6,42.4,43.5,46.0,49.0,55.4,59.5,23.3,62.9,61.6,59.3,54.9,53.4,52.5,0.0,0.0,0.0,0.0,0.0,0.0,0.0,0.0,0.0,0.0,0.0,0.0,0.0,0.0,44.1,44.9,46.1,46.5,48.1,49.8,0.0,35.1,0.9,1.9,4.0,6.2,70.4,65.2,60.9,58.3,54.8,52.3,46.6,43.5,42.3,40.7,39.8,39.3,37.9,36.0,85.3,84.6,82.6,80.1,0.0,0.0,0.0,0.0,0.0,0.0,38.7,38.0,37.5,36.1,35.0,0.0,0.0,0.0,0.0,54.8,7.6,10.4,12.9,17.3,19.2,69.7,62.5,60.2,55.4,0.0,8.2,76.5,73.0,66.8,65.7
40316,0.0,22.8,25.3,27.2,30.4,32.6,34.5,43.2,44.4,46.9,49.9,56.3,60.4,24.2,63.8,62.5,60.2,55.8,54.3,53.4,0.0,0.0,0.0,0.0,0.0,0.0,0.0,0.0,0.0,0.0,0.0,0.0,0.0,0.0,45.0,45.8,47.0,47.4,49.0,50.6,0.9,0.0,1.8,2.7,4.9,7.1,71.2,66.0,61.8,59.1,55.7,53.2,47.4,44.4,43.1,41.6,40.7,40.2,38.8,36.9,86.1,85.4,83.4,80.9,0.0,0.0,0.0,0.0,0.0,0.0,39.6,38.8,38.3,36.9,35.8,0.0,0.0,0.0,0.0,55.7,8.5,11.3,13.8,18.2,20.1,70.6,63.4,61.0,56.3,0.0,9.0,77.4,73.9,67.6,66.5
40436,0.0,21.0,23.5,25.4,28.6,30.8,32.7,41.4,42.6,45.1,48.1,54.5,58.6,22.4,62.0,60.7,58.4,54.0,52.5,51.6,0.0,0.0,0.0,0.0,0.0,0.0,0.0,0.0,0.0,0.0,0.0,0.0,0.0,0.0,43.2,44.0,45.2,45.6,47.2,48.8,35.0,34.2,0.0,0.9,3.1,5.3,69.4,64.2,60.0,57.3,53.9,51.4,45.6,42.6,41.3,39.8,38.9,38.4,37.0,35.1,84.3,83.6,81.6,79.1,0.0,0.0,0.0,0.0,0.0,0.0,37.8,37.0,36.5,35.2,34.0,0.0,0.0,0.0,0.0,53.9,6.7,9.5,12.0,16.4,18.3,68.8,61.6,59.2,54.5,0.0,7.2,75.6,72.1,65.9,64.7
40285,0.0,20.0,22.5,24.5,27.7,29.9,31.8,40.5,41.7,44.1,47.1,53.5,57.6,21.4,61.0,59.7,57.4,53.0,51.6,50.6,0.0,0.0,0.0,0.0,0.0,0.0,0.0,0.0,0.0,0.0,0.0,0.0,0.0,0.0,42.2,43.1,44.3,44.7,46.2,47.9,34.1,33.2,35.0,0.0,2.1,4.4,68.5,63.3,59.1,56.4,52.9,50.5,44.7,41.7,40.4,38.9,38.0,37.4,36.1,34.2,83.4,82.7,80.7,78.2,0.0,0.0,0.0,0.0,0.0,0.0,36.8,36.1,35.6,34.2,33.1,0.0,0.0,0.0,0.0,52.9,5.8,8.5,11.1,15.5,17.3,67.8,60.6,58.3,53.6,0.0,6.3,74.7,71.1,64.9,63.8
40287,0.0,17.9,20.4,22.4,25.6,27.8,29.7,38.4,39.5,42.0,45.0,51.4,55.5,19.3,58.9,57.6,55.3,50.9,49.4,48.5,0.0,0.0,0.0,0.0,0.0,0.0,0.0,0.0,0.0,0.0,0.0,0.0,0.0,0.0,40.1,40.9,42.1,42.5,44.1,45.8,32.0,31.1,32.9,33.8,0.0,2.3,66.4,61.2,56.9,54.3,50.8,48.4,42.6,39.5,38.3,36.7,35.8,35.3,34.0,32.1,81.3,80.6,78.6,76.1,0.0,0.0,0.0,0.0,0.0,0.0,34.7,34.0,33.5,32.1,31.0,0.0,0.0,0.0,0.0,50.8,3.6,6.4,8.9,13.3,15.2,65.7,58.5,56.2,51.4,0.0,4.2,72.5,69.0,62.8,61.7
140316,0.0,15.7,18.2,20.1,23.3,25.5,27.4,36.1,37.3,39.7,42.8,49.2,53.2,17.0,56.7,55.4,53.1,48.6,47.2,46.2,0.0,0.0,0.0,0.0,0.0,0.0,0.0,0.0,0.0,0.0,0.0,0.0,0.0,0.0,37.8,38.7,39.9,40.3,41.8,43.5,29.7,28.8,30.6,31.6,33.7,0.0,64.1,58.9,54.7,52.0,48.6,46.1,40.3,37.3,36.0,34.5,33.6,33.0,31.7,29.8,79.0,78.3,76.3,73.8,0.0,0.0,0.0,0.0,0.0,0.0,32.4,31.7,31.2,29.8,28.7,0.0,0.0,0.0,0.0,48.5,1.4,4.1,6.7,11.1,13.0,63.4,56.3,53.9,49.2,0.0,1.9,70.3,66.7,60.5,59.4
140022,0.0,0.0,0.0,0.0,0.0,0.0,0.0,0.0,0.0,0.0,0.0,0.0,0.0,0.0,0.0,0.0,0.0,0.0,0.0,0.0,0.0,0.0,0.0,0.0,0.0,0.0,0.0,0.0,0.0,0.0,0.0,0.0,0.0,0.0,0.0,0.0,0.0,0.0,0.0,0.0,0.0,0.0,0.0,0.0,0.0,0.0,0.0,0.0,0.0,0.0,0.0,0.0,0.0,0.0,0.0,0.0,0.0,0.0,0.0,0.0,0.0,0.0,0.0,0.0,0.0,0.0,0.0,0.0,0.0,0.0,0.0,0.0,0.0,0.0,0.0,0.0,0.0,0.0,0.0,0.0,0.0,0.0,0.0,0.0,0.0,0.0,0.0,0.0,0.0,0.0,0.0,0.0,0.0,0.0,0.0
140021,0.0,0.0,0.0,0.0,0.0,0.0,0.0,0.0,0.0,0.0,0.0,0.0,0.0,0.0,0.0,0.0,0.0,0.0,0.0,0.0,0.0,0.0,0.0,0.0,0.0,0.0,0.0,0.0,0.0,0.0,0.0,0.0,0.0,0.0,0.0,0.0,0.0,0.0,0.0,0.0,0.0,0.0,0.0,0.0,0.0,0.0,5.2,0.0,0.0,0.0,0.0,0.0,0.0,0.0,0.0,0.0,0.0,0.0,0.0,0.0,0.0,0.0,0.0,0.0,0.0,0.0,0.0,0.0,0.0,0.0,0.0,0.0,0.0,0.0,0.0,0.0,0.0,0.0,0.0,0.0,0.0,0.0,0.0,0.0,0.0,0.0,0.0,0.0,0.0,0.0,0.0,0.0,0.0,0.0,0.0
140020,0.0,0.0,0.0,0.0,0.0,0.0,0.0,0.0,0.0,0.0,0.0,0.0,0.0,0.0,0.0,0.0,0.0,0.0,0.0,0.0,0.0,0.0,0.0,0.0,0.0,0.0,0.0,0.0,0.0,0.0,0.0,0.0,0.0,0.0,0.0,0.0,0.0,0.0,0.0,0.0,0.0,0.0,0.0,0.0,0.0,0.0,9.4,4.2,0.0,0.0,0.0,0.0,0.0,0.0,0.0,0.0,0.0,0.0,0.0,0.0,0.0,0.0,0.0,0.0,0.0,0.0,0.0,0.0,0.0,0.0,0.0,0.0,0.0,0.0,0.0,0.0,0.0,0.0,0.0,0.0,0.0,0.0,0.0,0.0,0.0,0.0,0.0,0.0,0.0,0.0,0.0,0.0,0.0,0.0,0.0
140019,0.0,0.0,0.0,0.0,0.0,0.0,0.0,0.0,0.0,0.0,0.0,0.0,0.0,0.0,0.0,0.0,0.0,0.0,0.0,0.0,0.0,0.0,0.0,0.0,0.0,0.0,0.0,0.0,0.0,0.0,0.0,0.0,0.0,0.0,0.0,0.0,0.0,0.0,0.0,0.0,0.0,0.0,0.0,0.0,0.0,0.0,12.1,6.9,2.7,0.0,0.0,0.0,0.0,0.0,0.0,0.0,0.0,0.0,0.0,0.0,0.0,0.0,0.0,0.0,0.0,0.0,0.0,0.0,0.0,0.0,0.0,0.0,0.0,0.0,0.0,0.0,0.0,0.0,0.0,0.0,0.0,0.0,0.0,0.0,0.0,0.0,0.0,0.0,0.0,0.0,0.0,0.0,0.0,0.0,0.0
140018,0.0,0.0,0.0,0.0,0.0,0.0,0.0,0.0,0.0,0.0,0.0,0.0,0.0,0.0,0.0,0.0,0.0,0.0,0.0,0.0,0.0,0.0,0.0,0.0,0.0,0.0,0.0,0.0,0.0,0.0,0.0,0.0,0.0,0.0,0.0,0.0,0.0,0.0,0.0,0.0,0.0,0.0,0.0,0.0,0.0,0.0,15.6,10.4,6.1,3.5,0.0,0.0,0.0,0.0,0.0,0.0,0.0,0.0,0.0,0.0,0.0,0.0,0.0,0.0,0.0,0.0,0.0,0.0,0.0,0.0,0.0,0.0,0.0,0.0,0.0,0.0,0.0,0.0,0.0,0.0,0.0,0.0,0.0,0.0,0.0,0.0,0.0,0.0,0.0,0.0,0.0,0.0,0.0,0.0,0.0
140017,0.0,0.0,0.0,0.0,0.0,0.0,0.0,0.0,0.0,0.0,0.0,0.0,0.0,0.0,0.0,0.0,0.0,0.0,0.0,0.0,0.0,0.0,0.0,0.0,0.0,0.0,0.0,0.0,0.0,0.0,0.0,0.0,0.0,0.0,0.0,0.0,0.0,0.0,0.0,0.0,0.0,0.0,0.0,0.0,0.0,0.0,18.0,12.8,8.6,5.9,2.5,0.0,0.0,0.0,0.0,0.0,0.0,0.0,0.0,0.0,0.0,0.0,0.0,0.0,0.0,0.0,0.0,0.0,0.0,0.0,0.0,0.0,0.0,0.0,0.0,0.0,0.0,0.0,0.0,0.0,0.0,0.0,0.0,0.0,0.0,0.0,0.0,0.0,0.0,0.0,0.0,0.0,0.0,0.0,0.0
140016,0.0,0.0,0.0,0.0,0.0,0.0,0.0,0.0,0.0,0.0,0.0,0.0,0.0,0.0,0.0,0.0,0.0,0.0,0.0,0.0,0.0,0.0,0.0,0.0,0.0,0.0,0.0,0.0,0.0,0.0,0.0,0.0,0.0,0.0,0.0,0.0,0.0,0.0,0.0,0.0,0.0,0.0,0.0,0.0,0.0,0.0,23.8,18.6,14.4,11.7,8.2,5.8,0.0,0.0,0.0,0.0,0.0,0.0,0.0,0.0,0.0,0.0,0.0,0.0,0.0,0.0,0.0,0.0,0.0,0.0,0.0,0.0,0.0,0.0,0.0,0.0,0.0,0.0,0.0,0.0,0.0,0.0,0.0,0.0,0.0,0.0,0.0,0.0,0.0,0.0,0.0,0.0,0.0,0.0,0.0
140015,0.0,0.0,0.0,0.0,0.0,0.0,0.0,0.0,0.0,0.0,0.0,0.0,0.0,0.0,0.0,0.0,0.0,0.0,0.0,0.0,0.0,0.0,0.0,0.0,0.0,0.0,0.0,0.0,0.0,0.0,0.0,0.0,0.0,0.0,0.0,0.0,0.0,0.0,0.0,0.0,0.0,0.0,0.0,0.0,0.0,0.0,26.8,21.6,17.4,14.7,11.3,8.8,3.0,0.0,0.0,0.0,0.0,0.0,0.0,0.0,0.0,0.0,0.0,0.0,0.0,0.0,0.0,0.0,0.0,0.0,0.0,0.0,0.0,0.0,0.0,0.0,0.0,0.0,0.0,0.0,0.0,0.0,0.0,0.0,0.0,0.0,0.0,0.0,0.0,0.0,0.0,0.0,0.0,0.0,0.0
140014,0.0,0.0,0.0,0.0,0.0,0.0,0.0,0.0,0.0,0.0,0.0,0.0,0.0,0.0,0.0,0.0,0.0,0.0,0.0,0.0,0.0,0.0,0.0,0.0,0.0,0.0,0.0,0.0,0.0,0.0,0.0,0.0,0.0,0.0,0.0,0.0,0.0,0.0,0.0,0.0,0.0,0.0,0.0,0.0,0.0,0.0,28.1,22.9,18.7,16.0,12.5,10.1,4.3,1.3,0.0,0.0,0.0,0.0,0.0,0.0,0.0,0.0,0.0,0.0,0.0,0.0,0.0,0.0,0.0,0.0,0.0,0.0,0.0,0.0,0.0,0.0,0.0,0.0,0.0,0.0,0.0,0.0,0.0,0.0,0.0,0.0,0.0,0.0,0.0,0.0,0.0,0.0,0.0,0.0,0.0
140236,0.0,0.0,0.0,0.0,0.0,0.0,0.0,0.0,0.0,0.0,0.0,0.0,0.0,0.0,0.0,0.0,0.0,0.0,0.0,0.0,0.0,0.0,0.0,0.0,0.0,0.0,0.0,0.0,0.0,0.0,0.0,0.0,0.0,0.0,0.0,0.0,0.0,0.0,0.0,0.0,0.0,0.0,0.0,0.0,0.0,0.0,29.6,24.4,20.2,17.5,14.1,11.6,5.8,2.8,1.6,0.0,0.0,0.0,0.0,0.0,0.0,0.0,0.0,0.0,0.0,0.0,0.0,0.0,0.0,0.0,0.0,0.0,0.0,0.0,0.0,0.0,0.0,0.0,0.0,0.0,0.0,0.0,0.0,0.0,0.0,0.0,0.0,0.0,0.0,0.0,0.0,0.0,0.0,0.0,0.0
140243,0.0,0.0,0.0,0.0,0.0,0.0,0.0,2.6,3.7,6.2,9.2,15.6,19.7,0.0,0.0,0.0,0.0,0.0,0.0,0.0,0.0,0.0,0.0,0.0,0.0,0.0,0.0,0.0,0.0,0.0,0.0,0.0,0.0,0.0,0.0,0.0,0.0,0.0,0.0,0.0,0.0,0.0,0.0,0.0,0.0,0.0,30.5,25.3,21.1,18.4,15.0,12.5,6.7,3.7,2.4,0.9,0.0,0.0,0.0,0.0,0.0,0.0,0.0,0.0,0.0,0.0,0.0,0.0,0.0,0.0,0.0,0.0,0.0,0.0,0.0,0.0,0.0,0.0,0.0,15.0,0.0,0.0,0.0,0.0,0.0,29.9,22.7,20.4,15.6,0.0,0.0,0.0,0.0,0.0,0.0
140242,0.0,0.0,0.0,0.0,0.0,0.0,0.0,3.1,4.2,6.7,9.7,16.1,20.2,0.0,0.0,0.0,0.0,0.0,0.0,0.0,0.0,0.0,0.0,0.0,0.0,0.0,0.0,0.0,0.0,0.0,0.0,0.0,0.0,0.0,0.0,0.0,0.0,0.0,0.0,0.0,0.0,0.0,0.0,0.0,0.0,0.0,31.1,25.9,21.6,19.0,15.5,13.0,7.3,4.2,3.0,1.4,0.5,0.0,0.0,0.0,0.0,0.0,0.0,0.0,0.0,0.0,0.0,0.0,0.0,0.0,0.0,0.0,0.0,0.0,0.0,0.0,0.0,0.0,0.0,15.5,0.0,0.0,0.0,0.0,0.0,30.4,23.2,20.9,16.2,0.0,0.0,0.0,0.0,0.0,0.0
140013,0.0,0.0,0.0,0.0,0.0,0.0,0.0,4.4,5.6,8.0,11.1,17.5,21.6,0.0,0.0,0.0,0.0,0.0,0.0,0.0,0.0,0.0,0.0,0.0,0.0,0.0,0.0,0.0,0.0,0.0,0.0,0.0,0.0,0.0,0.0,0.0,0.0,0.0,0.0,0.0,0.0,0.0,0.0,0.0,0.0,0.0,32.4,27.2,23.0,20.3,16.9,14.4,8.6,5.6,4.3,2.8,1.9,1.4,0.0,0.0,0.0,0.0,0.0,0.0,0.0,0.0,0.0,0.0,0.0,0.0,0.0,0.0,0.0,0.0,0.0,0.0,0.0,0.0,0.0,16.8,0.0,0.0,0.0,0.0,0.0,31.8,24.6,22.2,17.5,0.0,0.0,0.0,0.0,0.0,0.0
140012,0.0,0.0,0.0,0.0,0.0,0.0,0.0,6.3,7.5,10.0,13.0,19.4,23.5,0.0,0.0,0.0,0.0,0.0,0.0,0.0,0.0,0.0,0.0,0.0,0.0,0.0,0.0,0.0,0.0,0.0,0.0,0.0,0.0,0.0,0.0,0.0,0.0,0.0,0.0,0.0,0.0,0.0,0.0,0.0,0.0,0.0,34.3,29.1,24.9,22.2,18.8,16.3,10.5,7.5,6.2,4.7,3.8,3.2,1.9,0.0,0.0,0.0,0.0,0.0,0.0,0.0,0.0,0.0,0.0,0.0,0.0,0.0,0.0,0.0,0.0,0.0,0.0,0.0,0.0,18.8,0.0,0.0,0.0,0.0,0.0,33.6,26.5,24.1,19.4,0.0,0.0,0.0,0.0,0.0,0.0
140011,0.0,40.6,43.1,45.0,48.2,50.4,52.3,8.4,9.5,12.0,15.0,21.4,25.5,16.3,11.9,10.6,8.3,3.9,2.4,1.5,0.0,0.0,0.0,0.0,0.0,0.0,0.0,0.0,0.0,0.0,0.0,0.0,0.0,0.0,10.6,11.5,12.7,13.1,14.6,16.3,18.7,17.8,19.6,20.5,22.6,24.9,36.4,31.2,26.9,24.3,20.8,18.4,12.6,9.6,8.3,6.7,5.8,5.3,4.0,2.1,0.0,33.6,31.6,29.1,0.0,0.0,0.0,0.0,0.0,0.0,5.2,4.5,4.0,2.6,1.5,0.0,0.0,0.0,0.0,20.8,26.3,29.0,31.6,36.0,37.8,35.7,28.5,26.2,21.5,0.0,26.8,25.5,22.0,15.8,14.7
140180,0.0,41.3,43.8,45.7,48.9,51.1,53.0,9.1,10.2,12.7,15.7,22.1,26.2,17.0,12.6,11.3,9.0,4.6,3.1,2.2,0.0,0.0,0.0,0.0,0.0,0.0,0.0,0.0,0.0,0.0,0.0,0.0,0.0,0.0,11.4,12.2,13.4,13.8,15.3,17.0,19.4,18.5,20.3,21.2,23.3,25.6,37.1,31.9,27.6,25.0,21.5,19.1,13.3,10.2,9.0,7.4,6.5,6.0,4.7,2.8,0.7,0.0,32.3,29.8,0.0,0.0,0.0,0.0,0.0,0.0,5.9,5.2,4.7,3.3,2.2,0.0,0.0,0.0,0.0,21.5,27.0,29.7,32.3,36.7,38.6,36.4,29.2,26.9,22.2,0.0,27.5,26.2,22.7,16.5,15.4
140010,0.0,43.3,45.8,47.7,50.9,53.1,55.0,11.1,12.2,14.7,17.7,24.1,28.2,19.0,14.6,13.3,11.0,6.6,5.2,4.2,0.0,0.0,0.0,0.0,0.0,0.0,0.0,0.0,0.0,0.0,0.0,0.0,0.0,0.0,13.4,14.2,15.4,15.8,17.4,19.0,21.4,20.5,22.3,23.2,25.4,27.6,39.1,33.9,29.6,27.0,23.5,21.1,15.3,12.3,11.0,9.4,8.5,8.0,6.7,4.8,2.7,2.0,0.0,31.8,0.0,0.0,0.0,0.0,0.0,0.0,7.9,7.2,6.7,5.3,4.2,0.0,0.0,0.0,0.0,23.5,29.0,31.8,34.3,38.7,40.6,38.4,31.2,28.9,24.2,0.0,29.5,28.2,24.7,18.5,17.4
140009,0.0,45.8,48.2,50.2,53.4,55.6,57.5,13.6,14.7,17.2,20.2,26.6,30.7,21.5,17.1,15.8,13.5,9.1,7.6,6.7,0.0,0.0,0.0,0.0,0.0,0.0,0.0,0.0,0.0,0.0,0.0,0.0,0.0,0.0,15.8,16.7,17.9,18.3,19.8,21.5,23.8,23.0,24.8,25.7,27.8,30.1,41.6,36.4,32.1,29.5,26.0,23.6,17.8,14.7,13.5,11.9,11.0,10.5,9.2,7.2,5.2,4.5,2.5,0.0,0.0,0.0,0.0,0.0,0.0,0.0,10.4,9.7,9.2,7.8,6.7,0.0,0.0,0.0,0.0,26.0,31.5,34.2,36.8,41.2,43.0,40.9,33.7,31.4,26.6,0.0,32.0,30.7,27.2,21.0,19.9
140008,0.0,48.7,51.2,53.2,56.4,58.6,60.4,16.6,17.7,20.2,23.2,29.6,33.7,24.5,20.1,18.8,16.5,12.0,10.6,9.6,0.0,0.0,0.0,0.0,0.0,0.0,0.0,0.0,0.0,0.0,0.0,0.0,0.0,0.0,18.8,19.6,20.8,21.2,22.8,24.5,26.8,25.9,27.7,28.7,30.8,33.1,44.5,39.3,35.1,32.4,29.0,26.5,20.7,17.7,16.4,14.9,14.0,13.5,12.1,10.2,8.2,7.5,5.4,3.0,0.0,0.0,0.0,0.0,0.0,0.0,13.4,12.7,12.2,10.8,9.7,0.0,0.0,0.0,0.0,29.0,34.4,37.2,39.7,44.1,46.0,43.9,36.7,34.4,29.6,0.0,35.0,33.7,30.1,23.9,22.8
140300,0.0,16.4,18.8,20.8,24.0,26.2,28.1,18.2,19.3,21.8,24.8,31.2,35.3,17.7,21.7,20.4,18.1,13.6,12.2,11.2,0.0,0.0,0.0,0.0,0.0,0.0,0.0,0.0,0.0,0.0,0.0,0.0,0.0,0.0,20.4,21.2,22.4,22.8,24.4,26.0,28.4,27.5,29.3,30.3,32.4,34.6,46.1,40.9,36.7,34.0,30.6,28.1,22.3,19.3,18.0,16.5,15.6,15.1,13.7,11.8,9.8,9.0,7.0,4.6,1.6,0.0,0.0,0.0,0.0,0.0,15.0,14.3,13.8,12.4,11.3,0.0,0.0,0.0,0.0,30.6,2.1,4.8,7.4,11.8,13.6,45.5,38.3,35.9,31.2,0.0,3.1,35.3,31.7,25.5,24.4
40499,0.0,26.9,29.4,31.4,34.6,36.8,38.7,10.9,12.0,14.5,17.5,23.9,28.0,19.8,15.3,14.0,11.7,7.3,5.8,4.9,0.0,0.0,0.0,0.0,0.0,0.0,0.0,0.0,0.0,0.0,0.0,0.0,0.0,0.0,48.3,49.1,50.4,50.8,52.3,54.0,5.0,40.1,6.0,6.9,9.0,11.3,38.9,33.7,29.5,26.8,23.3,20.9,15.1,12.1,10.8,9.3,8.4,7.8,6.5,4.6,37.7,37.0,35.0,32.5,0.0,0.0,0.0,0.9,2.2,3.5,42.9,42.2,41.7,40.3,39.2,0.0,0.0,0.0,0.0,23.3,12.6,15.4,18.0,22.3,24.2,38.2,31.0,28.7,24.0,0.0,13.2,28.9,25.4,19.2,18.1
40500,0.0,26.1,28.6,30.5,33.7,35.9,37.8,10.0,11.2,13.6,16.7,23.1,27.2,18.9,14.4,13.1,10.8,6.4,5.0,4.0,0.0,0.0,0.0,0.0,0.0,0.0,0.0,0.0,0.0,0.0,0.0,0.0,0.0,0.0,47.4,48.3,49.5,49.9,51.4,53.1,4.2,39.2,5.1,6.0,8.1,10.4,38.0,32.8,28.6,25.9,22.5,20.0,14.2,11.2,9.9,8.4,7.5,7.0,5.6,3.7,36.8,36.1,34.1,31.6,0.0,0.0,0.0,0.0,1.4,2.6,42.0,41.3,40.8,39.4,38.3,0.0,0.0,0.0,0.0,22.4,11.8,14.5,17.1,21.5,23.3,37.3,30.2,27.8,23.1,0.0,12.3,28.1,24.5,18.3,17.2
40292,0.0,24.7,27.2,29.2,32.4,34.5,36.4,8.7,9.8,12.3,15.3,21.7,25.8,17.5,13.1,11.8,9.5,5.0,3.6,2.6,0.0,0.0,0.0,0.0,0.0,0.0,0.0,0.0,0.0,0.0,0.0,0.0,0.0,0.0,46.1,46.9,48.1,48.5,50.1,51.7,2.8,37.9,3.7,4.6,6.8,9.0,36.7,31.4,27.2,24.6,21.1,18.6,12.8,9.8,8.6,7.0,6.1,5.6,4.2,2.3,35.4,34.7,32.7,30.2,0.0,0.0,0.0,0.0,0.0,1.3,40.7,40.0,39.4,38.1,37.0,0.0,0.0,0.0,0.0,21.1,10.4,13.2,15.7,20.1,22.0,36.0,28.8,26.5,21.7,0.0,10.9,26.7,23.2,17.0,15.8
40502,0.0,23.4,25.9,27.9,31.1,33.3,35.2,7.4,8.5,11.0,14.0,20.4,24.5,16.2,11.8,10.5,8.2,3.8,2.3,1.4,0.0,0.0,0.0,0.0,0.0,0.0,0.0,0.0,0.0,0.0,0.0,0.0,0.0,0.0,44.8,45.6,46.9,47.3,48.8,50.5,1.5,36.6,2.4,3.4,5.5,7.8,35.4,30.2,26.0,23.3,19.8,17.4,11.6,8.6,7.3,5.8,4.9,4.3,3.0,1.1,34.2,33.5,31.5,29.0,0.0,0.0,0.0,0.0,0.0,0.0,39.4,38.7,38.2,36.8,35.7,0.0,0.0,0.0,0.0,19.8,9.1,11.9,14.4,18.8,20.7,34.7,27.5,25.2,20.5,0.0,9.7,25.4,21.9,15.7,14.6
140049,0.0,35.3,37.8,39.8,43.0,45.2,47.1,8.4,9.5,12.0,15.0,21.4,25.5,28.6,24.2,22.9,20.6,16.2,14.8,13.8,0.0,0.0,0.0,0.0,0.0,0.0,0.0,0.0,0.0,0.0,0.0,0.0,0.0,0.0,5.4,6.2,7.4,7.8,9.4,11.1,13.4,12.6,14.4,15.3,17.4,19.7,33.6,28.4,24.2,21.5,18.1,15.6,9.8,6.8,5.5,53.3,52.4,51.9,50.5,48.6,46.6,45.9,43.9,41.4,0.0,0.0,0.0,0.0,0.0,0.0,0.0,15.5,15.0,13.6,12.5,0.0,0.0,0.0,0.0,20.8,21.0,23.8,26.4,30.7,32.6,35.7,28.5,26.2,21.5,0.0,21.6,37.8,34.3,28.1,27.0
240500,0.0,36.0,38.5,40.5,43.7,45.9,47.8,9.1,10.2,12.7,15.7,22.1,26.2,29.4,24.9,23.6,21.3,16.9,15.5,14.5,0.0,0.0,0.0,0.0,0.0,0.0,0.0,0.0,0.0,0.0,0.0,0.0,0.0,0.0,6.1,6.9,8.2,8.6,10.1,11.8,14.1,13.3,15.1,16.0,18.1,20.4,34.3,29.1,24.9,22.2,18.8,16.3,10.5,7.5,6.2,54.0,53.1,52.6,51.2,49.3,47.3,46.6,44.6,42.1,0.0,0.0,0.0,0.0,0.0,0.0,0.7,0.0,15.7,14.3,13.2,0.0,0.0,0.0,0.0,21.5,21.8,24.5,27.1,31.4,33.3,36.4,29.2,26.9,22.2,0.0,22.3,38.6,35.0,28.8,27.7
140051,0.0,36.5,39.0,41.0,44.2,46.4,48.3,9.6,10.8,13.2,16.2,22.6,26.7,29.9,25.4,24.1,21.8,17.4,16.0,15.0,0.0,0.0,0.0,0.0,0.0,0.0,0.0,0.0,0.0,0.0,0.0,0.0,0.0,0.0,6.6,7.4,8.7,9.1,10.6,12.3,14.6,13.8,15.6,16.5,18.6,20.9,34.8,29.6,25.4,22.7,19.3,16.8,11.0,8.0,6.8,54.5,53.6,53.1,51.7,49.8,47.8,47.1,45.1,42.6,0.0,0.0,0.0,0.0,0.0,0.0,1.2,0.5,0.0,14.8,13.7,0.0,0.0,0.0,0.0,22.0,22.3,25.0,27.6,32.0,33.8,36.9,29.8,27.4,22.7,0.0,22.8,39.0,35.5,29.3,28.2
140055,0.0,37.9,40.4,42.4,45.6,47.8,49.7,11.0,12.1,14.6,17.6,24.0,28.1,31.2,26.8,25.5,23.2,18.8,17.4,16.4,0.0,0.0,0.0,0.0,0.0,0.0,0.0,0.0,0.0,0.0,0.0,0.0,0.0,0.0,8.0,8.8,10.0,10.5,12.0,13.7,16.0,15.2,17.0,17.9,20.0,22.3,36.2,31.0,26.8,24.1,20.7,18.2,12.4,9.4,8.1,55.9,55.0,54.5,53.1,51.2,49.2,48.5,46.5,44.0,0.0,0.0,0.0,0.0,0.0,0.0,2.6,1.9,1.4,0.0,15.1,0.0,0.0,0.0,0.0,23.4,23.6,26.4,29.0,33.3,35.2,38.3,31.1,28.8,24.1,0.0,24.2,40.4,36.9,30.7,29.6
140052,0.0,39.0,41.5,43.5,46.7,48.9,50.8,12.1,13.2,15.7,18.7,25.1,29.2,32.4,27.9,26.6,24.3,19.9,18.5,17.5,0.0,0.0,0.0,0.0,0.0,0.0,0.0,0.0,0.0,0.0,0.0,0.0,0.0,0.0,9.1,9.9,11.2,11.6,13.1,14.8,17.1,16.3,18.1,19.0,21.1,23.4,37.3,32.1,27.9,25.2,21.8,19.3,13.5,10.5,9.2,57.0,56.1,55.6,54.2,52.4,50.3,49.6,47.6,45.1,0.0,0.0,0.0,0.0,0.0,0.0,3.7,3.0,2.5,1.1,0.0,0.0,0.0,0.0,0.0,24.5,24.8,27.5,30.1,34.4,36.3,39.4,32.2,29.9,25.2,0.0,25.3,41.6,38.0,31.8,30.7
840062,0.0,59.1,61.6,63.5,66.7,68.9,70.8,32.7,33.9,36.3,39.3,45.7,19.2,52.4,48.0,46.7,44.4,39.9,38.5,37.5,28.1,25.5,22.5,18.8,15.9,0.0,0.0,0.0,0.0,0.0,0.0,0.0,0.0,0.0,45.3,30.6,31.2,31.6,33.2,34.8,37.2,36.3,38.1,39.0,41.2,43.4,73.6,68.4,64.1,61.4,58.0,55.5,49.7,46.7,45.5,77.1,76.2,75.6,74.3,72.4,70.3,69.6,67.6,65.1,0.0,0.0,0.0,0.0,0.0,0.0,39.9,39.2,38.7,37.3,36.2,0.0,7.6,11.9,15.2,18.1,44.8,47.6,50.1,54.5,56.4,60.0,52.9,50.5,45.8,0.0,45.3,61.6,58.0,51.8,50.7
140063,0.0,51.5,54.0,56.0,59.1,61.3,63.2,25.1,26.3,28.7,31.8,38.2,11.6,44.8,40.4,39.1,36.8,32.4,30.9,30.0,20.5,17.9,14.9,11.2,8.3,0.0,0.0,0.0,0.0,0.0,0.0,0.0,0.0,0.0,37.7,23.0,23.6,24.0,25.6,27.2,29.6,28.7,30.5,31.4,33.6,35.8,66.0,60.8,56.5,53.8,50.4,47.9,42.2,39.1,37.9,69.5,68.6,68.0,66.7,64.8,62.7,62.0,60.0,57.5,0.0,0.0,0.0,0.0,0.0,0.0,32.3,31.6,31.1,29.7,28.6,0.0,0.0,4.3,7.6,10.5,37.2,40.0,42.5,46.9,48.8,52.4,45.3,42.9,38.2,0.0,37.7,54.0,50.4,44.2,43.1
140216,0.0,47.2,49.7,51.7,54.9,57.0,59.0,20.9,22.0,24.5,27.5,33.9,7.3,40.5,36.1,34.8,32.5,28.1,26.6,25.7,16.2,13.6,10.6,7.0,4.0,0.0,0.0,0.0,0.0,0.0,0.0,0.0,0.0,0.0,33.5,18.7,19.3,19.7,21.3,23.0,25.3,24.4,26.2,27.2,29.3,31.6,61.7,56.5,52.2,49.6,46.1,43.7,37.9,34.9,33.6,65.2,64.3,63.8,62.4,60.5,58.5,57.8,55.8,53.3,0.0,0.0,0.0,0.0,0.0,0.0,28.1,27.4,26.8,25.5,24.3,0.0,0.0,0.0,3.4,6.2,32.9,35.7,38.2,42.6,44.5,48.2,41.0,38.7,33.9,0.0,33.5,49.7,46.2,40.0,38.9
140064,0.0,43.9,46.4,48.3,51.5,53.7,55.6,17.5,18.6,21.1,24.1,30.5,4.0,37.2,32.8,31.5,29.2,24.7,23.3,22.3,12.8,10.3,7.3,3.6,0.7,0.0,0.0,0.0,0.0,0.0,0.0,0.0,0.0,0.0,30.1,15.3,16.0,16.4,18.0,19.6,22.0,21.1,22.9,23.8,26.0,28.2,58.3,53.1,48.9,46.2,42.8,40.3,34.5,31.5,30.2,61.9,61.0,60.4,59.1,57.2,55.1,54.4,52.4,49.9,0.0,0.0,0.0,0.0,0.0,0.0,24.7,24.0,23.5,22.1,21.0,0.0,0.0,0.0,0.0,2.9,29.6,32.4,34.9,39.3,41.2,44.8,37.7,35.3,30.6,0.0,30.1,46.4,42.8,36.6,35.5
140065,0.0,0.0,0.0,0.0,0.0,0.0,0.0,0.0,0.0,0.0,0.0,0.0,0.0,0.0,0.0,0.0,0.0,0.0,0.0,0.0,0.0,0.0,0.0,0.0,0.0,0.0,0.0,0.0,0.0,0.0,0.0,0.0,0.0,0.0,0.0,0.0,0.0,0.0,0.0,0.0,0.0,0.0,0.0,0.0,0.0,0.0,0.0,0.0,0.0,0.0,0.0,0.0,0.0,0.0,0.0,0.0,0.0,0.0,0.0,0.0,0.0,0.0,0.0,0.0,0.0,0.0,0.0,0.0,0.0,0.0,0.0,0.0,0.0,0.0,0.0,0.0,0.0,0.0,0.0,0.0,0.0,0.0,0.0,0.0,0.0,0.0,0.0,0.0,0.0,0.0,0.0,0.0,0.0,0.0,0.0
140071,0.0,14.3,16.8,18.8,22.0,24.1,26.0,34.8,35.9,38.4,41.4,47.8,51.9,15.7,55.3,54.0,51.7,47.3,45.8,44.9,0.0,0.0,0.0,0.0,0.0,0.0,0.0,0.0,0.0,0.0,0.0,0.0,0.0,0.0,36.5,37.3,38.5,38.9,40.5,42.1,28.4,27.5,29.3,30.2,32.3,34.6,62.7,57.5,53.3,50.6,47.2,44.7,38.9,35.9,34.6,33.1,32.2,31.7,30.3,28.4,77.6,76.9,74.9,72.4,0.0,0.0,0.0,0.0,0.0,0.0,31.1,30.4,29.8,28.5,27.4,0.0,0.0,0.0,0.0,47.2,0.0,2.8,5.3,9.7,11.6,62.1,54.9,52.6,47.8,0.0,36.5,68.9,65.4,59.2,58.0
140072,0.0,11.5,14.0,16.0,19.2,21.4,23.2,32.0,33.1,35.6,38.6,45.0,49.1,12.9,52.5,51.2,48.9,44.5,43.0,42.1,0.0,0.0,0.0,0.0,0.0,0.0,0.0,0.0,0.0,0.0,0.0,0.0,0.0,0.0,33.7,34.5,35.7,36.1,37.7,39.4,25.6,24.7,26.5,27.4,29.6,31.8,60.0,54.8,50.5,47.9,44.4,42.0,36.2,33.1,31.9,30.3,29.4,28.9,27.6,25.6,74.9,74.2,72.2,69.7,0.0,0.0,0.0,0.0,0.0,0.0,28.3,27.6,27.1,25.7,24.6,0.0,0.0,0.0,0.0,44.4,33.2,0.0,2.5,6.9,8.8,59.3,52.1,49.8,45.0,0.0,33.7,66.1,62.6,56.4,55.3
140073,0.0,9.0,11.5,13.4,16.6,18.8,20.7,29.4,30.6,33.1,36.1,42.5,46.6,10.4,50.0,48.7,46.4,42.0,40.5,39.6,0.0,0.0,0.0,0.0,0.0,0.0,0.0,0.0,0.0,0.0,0.0,0.0,0.0,0.0,31.2,32.0,33.2,33.6,35.2,36.8,23.0,22.2,24.0,24.9,27.0,29.3,57.4,52.2,48.0,45.3,41.9,39.4,33.6,30.6,29.3,27.8,26.9,26.4,25.0,23.1,72.3,71.6,69.6,67.1,0.0,0.0,0.0,0.0,0.0,0.0,25.8,25.0,24.5,23.2,22.0,0.0,0.0,0.0,0.0,41.9,30.7,33.4,0.0,4.4,6.3,56.8,49.6,47.2,42.5,0.0,31.2,63.6,60.0,53.8,52.7
140074,0.0,4.6,7.1,9.1,12.2,14.4,16.3,25.1,26.2,28.7,31.7,38.1,42.2,6.0,45.6,44.3,42.0,37.6,36.1,35.2,0.0,0.0,0.0,0.0,0.0,0.0,0.0,0.0,0.0,0.0,0.0,0.0,0.0,0.0,26.8,27.6,28.8,29.2,30.8,32.4,18.7,17.8,19.6,20.5,22.6,24.9,53.0,47.8,43.6,40.9,37.5,35.0,29.2,26.2,25.0,23.4,22.5,22.0,20.6,18.7,67.9,67.2,65.2,62.7,0.0,0.0,0.0,0.0,0.0,0.0,21.4,20.6,20.2,18.8,17.6,0.0,0.0,0.0,0.0,37.5,26.3,29.0,31.6,0.0,1.9,52.4,45.2,42.8,38.1,0.0,26.8,59.2,55.7,49.5,48.3
140075,0.0,2.7,5.2,7.2,10.4,12.5,14.4,23.2,24.3,26.8,29.8,36.2,40.3,4.1,43.7,42.4,40.1,35.7,34.2,33.3,0.0,0.0,0.0,0.0,0.0,0.0,0.0,0.0,0.0,0.0,0.0,0.0,0.0,0.0,24.9,25.7,26.9,27.3,28.9,30.5,16.8,15.9,17.7,18.6,20.8,23.0,51.2,46.0,41.7,39.1,35.6,33.1,27.4,24.3,23.1,21.5,20.6,20.1,18.7,16.8,66.1,65.4,63.4,60.9,0.0,0.0,0.0,0.0,0.0,0.0,19.5,18.8,18.3,16.9,15.8,0.0,0.0,0.0,0.0,35.6,24.4,27.2,29.7,34.1,0.0,50.5,43.3,41.0,36.2,0.0,24.9,57.3,53.8,47.6,46.5
40761,0.0,0.0,0.0,0.0,0.0,0.0,0.0,0.0,0.0,0.0,0.0,0.0,0.0,0.0,0.0,0.0,0.0,0.0,0.0,0.0,0.0,0.0,0.0,0.0,0.0,0.0,0.0,0.0,0.0,0.0,0.0,0.0,0.0,0.0,0.0,0.0,0.0,0.0,0.0,0.0,0.0,0.0,0.0,0.0,0.0,0.0,0.0,0.0,0.0,0.0,0.0,0.0,0.0,0.0,0.0,0.0,0.0,0.0,0.0,0.0,0.0,0.0,0.0,0.0,0.0,0.0,0.0,0.0,0.0,0.0,0.0,0.0,0.0,0.0,0.0,0.0,0.0,0.0,0.0,0.0,0.0,0.0,0.0,0.0,0.0,0.0,0.0,0.0,0.0,0.0,0.0,0.0,0.0,0.0,0.0
40512,0.0,0.0,0.0,0.0,0.0,0.0,0.0,0.0,0.0,0.0,0.0,0.0,0.0,0.0,0.0,0.0,0.0,0.0,0.0,0.0,0.0,0.0,0.0,0.0,0.0,0.0,0.0,0.0,0.0,0.0,0.0,0.0,0.0,0.0,0.0,0.0,0.0,0.0,0.0,0.0,0.0,0.0,0.0,0.0,0.0,0.0,0.0,0.0,0.0,0.0,0.0,0.0,0.0,0.0,0.0,0.0,0.0,0.0,0.0,0.0,0.0,0.0,0.0,0.0,0.0,0.0,0.0,0.0,0.0,0.0,0.0,0.0,0.0,0.0,0.0,0.0,0.0,0.0,0.0,0.0,0.0,0.0,0.0,0.0,0.0,7.2,0.0,0.0,0.0,0.0,0.0,0.0,0.0,0.0,0.0
40513,0.0,0.0,0.0,0.0,0.0,0.0,0.0,0.0,0.0,0.0,0.0,0.0,0.0,0.0,0.0,0.0,0.0,0.0,0.0,0.0,0.0,0.0,0.0,0.0,0.0,0.0,0.0,0.0,0.0,0.0,0.0,0.0,0.0,0.0,0.0,0.0,0.0,0.0,0.0,0.0,0.0,0.0,0.0,0.0,0.0,0.0,0.0,0.0,0.0,0.0,0.0,0.0,0.0,0.0,0.0,0.0,0.0,0.0,0.0,0.0,0.0,0.0,0.0,0.0,0.0,0.0,0.0,0.0,0.0,0.0,0.0,0.0,0.0,0.0,0.0,0.0,0.0,0.0,0.0,0.0,0.0,0.0,0.0,0.0,0.0,9.5,2.3,0.0,0.0,0.0,0.0,0.0,0.0,0.0,0.0
40052,0.0,0.0,0.0,0.0,0.0,0.0,0.0,0.0,0.0,0.0,0.0,0.0,0.0,0.0,0.0,0.0,0.0,0.0,0.0,0.0,0.0,0.0,0.0,0.0,0.0,0.0,0.0,0.0,0.0,0.0,0.0,0.0,0.0,0.0,0.0,0.0,0.0,0.0,0.0,0.0,0.0,0.0,0.0,0.0,0.0,0.0,0.0,0.0,0.0,0.0,0.0,0.0,0.0,0.0,0.0,0.0,0.0,0.0,0.0,0.0,0.0,0.0,0.0,0.0,0.0,0.0,0.0,0.0,0.0,0.0,0.0,0.0,0.0,0.0,0.0,0.0,0.0,0.0,0.0,0.0,0.0,0.0,0.0,0.0,0.0,14.2,7.1,4.7,0.0,0.0,0.0,0.0,0.0,0.0,0.0
40511,0.0,42.8,45.3,47.2,50.4,52.6,54.5,16.4,17.5,20.0,23.0,29.4,5.5,36.1,31.7,30.4,28.1,23.6,22.2,21.2,11.7,9.2,6.2,2.5,0.0,0.0,0.0,0.0,0.0,0.0,0.0,0.0,0.0,0.0,29.0,14.2,14.9,15.3,16.8,18.5,20.8,20.0,21.8,22.7,24.8,27.1,57.2,52.0,47.8,45.1,41.7,39.2,33.4,30.4,29.1,60.7,59.8,59.3,58.0,56.1,54.0,53.3,51.3,48.8,0.0,0.0,0.0,0.0,0.0,0.0,23.6,22.9,22.4,21.0,19.9,0.0,0.0,0.0,0.0,28.8,28.5,31.2,33.8,38.2,40.1,18.0,10.8,8.5,3.7,0.0,29.0,45.3,41.7,35.5,34.4
140057,0.0,0.0,0.0,0.0,0.0,0.0,0.0,0.0,0.0,0.0,0.0,0.0,0.0,0.0,0.0,0.0,0.0,0.0,0.0,0.0,0.0,0.0,0.0,0.0,0.0,0.0,0.0,0.0,0.0,0.0,0.0,0.0,0.0,0.0,0.0,0.0,0.0,0.0,0.0,0.0,0.0,0.0,0.0,0.0,0.0,0.0,0.0,0.0,0.0,0.0,0.0,0.0,0.0,0.0,0.0,0.0,0.0,0.0,0.0,0.0,0.0,0.0,0.0,0.0,0.0,0.0,0.0,0.0,0.0,0.0,0.0,0.0,0.0,0.0,0.0,0.0,0.0,0.0,0.0,0.0,0.0,0.0,0.0,0.0,0.0,0.0,0.0,0.0,0.0,0.0,0.0,0.0,0.0,0.0,0.0
140056,0.0,49.3,51.8,53.8,57.0,59.1,61.0,17.1,18.3,20.7,23.8,30.2,34.3,25.1,20.7,19.3,17.1,12.6,11.2,10.2,0.0,0.0,0.0,0.0,0.0,0.0,0.0,0.0,0.0,0.0,0.0,0.0,0.0,0.0,19.4,20.2,21.4,21.8,23.4,25.0,27.4,26.5,28.3,29.2,31.4,33.6,45.1,39.9,35.7,33.0,29.6,27.1,21.3,18.3,17.0,15.5,14.6,14.0,12.7,10.8,8.7,8.0,6.0,3.6,0.0,0.0,0.0,0.0,0.0,0.0,14.0,13.3,12.8,11.4,10.3,0.0,0.0,0.0,0.0,29.6,35.0,37.8,40.3,44.7,46.6,44.4,37.3,34.9,30.2,0.0,3.9,0.0,30.7,24.5,23.4
40007,0.0,52.8,55.3,57.3,60.5,62.7,64.6,20.7,21.8,24.3,27.3,33.7,37.8,28.6,24.2,22.9,20.6,16.2,14.7,13.8,0.0,0.0,0.0,0.0,0.0,0.0,0.0,0.0,0.0,0.0,0.0,0.0,0.0,0.0,22.9,23.7,25.0,25.4,26.9,28.6,30.9,30.1,31.9,32.8,34.9,37.2,48.7,43.5,39.2,36.6,33.1,30.6,24.9,21.8,20.6,19.0,18.1,17.6,16.2,14.3,12.3,11.6,9.6,7.1,0.0,0.0,0.0,0.0,0.0,0.0,17.5,16.8,16.3,14.9,13.8,0.0,0.0,0.0,0.0,33.1,38.6,41.3,43.9,48.2,50.1,48.0,40.8,38.5,33.7,0.0,7.5,3.5,0.0,28.1,27.0
40510,0.0,59.0,61.5,63.5,66.7,68.9,70.8,26.9,28.0,30.5,33.5,39.9,44.0,34.8,30.4,29.1,26.8,22.4,20.9,20.0,0.0,0.0,0.0,0.0,0.0,0.0,0.0,0.0,0.0,0.0,0.0,0.0,0.0,0.0,29.1,29.9,31.2,31.6,33.1,34.8,37.1,36.3,38.1,39.0,41.1,43.4,54.9,49.7,45.4,42.8,39.3,36.8,31.1,28.0,26.8,25.2,24.3,23.8,22.4,20.5,18.5,17.8,15.8,13.3,0.0,0.0,0.0,0.0,0.0,0.0,23.7,23.0,22.5,21.1,20.0,0.0,0.0,0.0,0.0,39.3,44.7,47.5,50.1,54.4,56.3,54.2,47.0,44.7,39.9,0.0,13.7,9.7,6.2,0.0,33.2
40509,0.0,60.2,62.6,64.6,67.8,70.0,71.9,28.0,29.1,31.6,34.6,41.0,45.1,35.9,31.5,30.2,27.9,23.5,22.0,21.1,0.0,0.0,0.0,0.0,0.0,0.0,0.0,0.0,0.0,0.0,0.0,0.0,0.0,0.0,30.2,31.0,32.3,32.7,34.2,35.9,38.2,37.4,39.2,40.1,42.2,44.5,56.0,50.8,46.5,43.9,40.4,38.0,32.2,29.1,27.9,26.3,25.4,24.9,23.5,21.6,19.6,18.9,16.9,14.4,0.0,0.0,0.0,0.0,0.0,0.0,24.8,24.1,23.6,22.2,21.1,0.0,0.0,0.0,0.0,40.4,45.9,48.6,51.2,55.6,57.4,55.3,48.1,45.8,41.0,0.0,14.8,10.9,7.3,1.1,0.0
